{"stats":{"minecraft:used":{"minecraft:oak_sign":1,"minecraft:air":113},"minecraft:picked_up":{"minecraft:redstone_torch":1,"minecraft:oak_sign":1},"minecraft:custom":{"minecraft:jump":207,"minecraft:time_since_rest":6572,"minecraft:crouch_one_cm":333,"minecraft:play_one_minute":306266,"minecraft:leave_game":5,"minecraft:sprint_one_cm":27456,"minecraft:walk_one_cm":59245,"minecraft:time_since_death":6551,"minecraft:deaths":1,"minecraft:sneak_time":366,"minecraft:climb_one_cm":16,"minecraft:fly_one_cm":100268}},"DataVersion":1968}