{"stats":{"minecraft:killed":{"minecraft:chicken":1},"minecraft:dropped":{"minecraft:repeating_command_block":2},"minecraft:picked_up":{"minecraft:brown_mushroom":64,"minecraft:acacia_button":4,"minecraft:jungle_button":1,"minecraft:rotten_flesh":2,"minecraft:repeating_command_block":10,"minecraft:redstone_torch":6,"minecraft:chest":1,"minecraft:cod":3},"minecraft:used":{"minecraft:redstone_torch":28,"minecraft:lever":2,"minecraft:black_concrete":5,"minecraft:quartz_pillar":5,"minecraft:orange_concrete":2,"minecraft:redstone":10,"minecraft:stone_button":1,"minecraft:oak_sign":1,"minecraft:ender_pearl":6,"minecraft:redstone_block":10,"minecraft:player_head":1,"minecraft:diamond_sword":6,"minecraft:repeater":3,"minecraft:lime_concrete":4,"minecraft:comparator":5,"minecraft:jungle_button":6,"minecraft:yellow_concrete":3,"minecraft:repeating_command_block":1,"minecraft:chiseled_quartz_block":1,"minecraft:air":5130,"minecraft:splash_potion":166},"minecraft:custom":{"minecraft:time_since_rest":1083717,"minecraft:sprint_one_cm":934617,"minecraft:damage_taken":3180,"minecraft:walk_one_cm":1381170,"minecraft:mob_kills":1,"minecraft:drop":2,"minecraft:damage_dealt":484,"minecraft:fly_one_cm":14896636,"minecraft:player_kills":2,"minecraft:open_barrel":1,"minecraft:open_chest":20,"minecraft:play_one_minute":3444842,"minecraft:crouch_one_cm":26473,"minecraft:deaths":8,"minecraft:sneak_time":26237,"minecraft:aviate_one_cm":4600962,"minecraft:jump":10660,"minecraft:leave_game":14,"minecraft:time_since_death":1083691,"minecraft:walk_on_water_one_cm":260,"minecraft:climb_one_cm":1181,"minecraft:fall_one_cm":33292}},"DataVersion":1968}