{"stats":{"minecraft:used":{"minecraft:trident":19,"minecraft:stone_brick_slab":3,"minecraft:water_bucket":61,"minecraft:black_concrete":19,"minecraft:grass_block":28,"minecraft:armor_stand":1,"minecraft:redstone":2,"minecraft:ender_pearl":22,"minecraft:diamond_sword":154,"minecraft:lime_concrete":8,"minecraft:comparator":1,"minecraft:crossbow":71,"minecraft:repeating_command_block":2,"minecraft:air":2367,"minecraft:snowball":9,"minecraft:enchanted_golden_apple":11,"minecraft:splash_potion":14},"minecraft:custom":{"minecraft:time_since_rest":738617,"minecraft:sprint_one_cm":324642,"minecraft:walk_one_cm":636070,"minecraft:damage_taken":3127,"minecraft:damage_absorbed":1103,"minecraft:damage_blocked_by_shield":131,"minecraft:drop":23,"minecraft:damage_dealt":13254,"minecraft:play_record":1,"minecraft:fly_one_cm":1450056,"minecraft:player_kills":4,"minecraft:open_chest":34,"minecraft:crouch_one_cm":12122,"minecraft:play_one_minute":740067,"minecraft:deaths":3,"minecraft:sneak_time":6031,"minecraft:walk_under_water_one_cm":32,"minecraft:jump":1255,"minecraft:leave_game":3,"minecraft:walk_on_water_one_cm":3593,"minecraft:time_since_death":738587,"minecraft:damage_resisted":752,"minecraft:fall_one_cm":236},"minecraft:dropped":{"minecraft:diamond_sword":2,"minecraft:repeating_command_block":5,"minecraft:ender_pearl":5,"minecraft:enchanted_golden_apple":10,"minecraft:black_concrete":1},"minecraft:picked_up":{"minecraft:diamond_sword":2,"minecraft:dandelion":7,"minecraft:redstone":1,"minecraft:music_disc_cat":1,"minecraft:lime_banner":1,"minecraft:ender_pearl":12}},"DataVersion":1968}