{"stats":{"minecraft:mined":{"minecraft:repeater":1},"minecraft:custom":{"minecraft:jump":254,"minecraft:time_since_rest":137089,"minecraft:damage_dealt":60,"minecraft:damage_taken":318,"minecraft:play_one_minute":144762,"minecraft:crouch_one_cm":26,"minecraft:leave_game":4,"minecraft:time_since_death":19474,"minecraft:sprint_one_cm":24137,"minecraft:walk_one_cm":20155,"minecraft:deaths":1,"minecraft:sneak_time":149,"minecraft:fall_one_cm":4419,"minecraft:fly_one_cm":51032},"minecraft:used":{"minecraft:air":1},"minecraft:killed_by":{"minecraft:player":1},"minecraft:picked_up":{"minecraft:repeater":1}},"DataVersion":1968}