{"stats":{"minecraft:dropped":{"minecraft:command_block":2},"minecraft:picked_up":{"minecraft:item_frame":2,"minecraft:oak_sign":4,"minecraft:lever":1,"minecraft:filled_map":2,"minecraft:stone_button":4,"minecraft:oak_button":1,"minecraft:redstone":91},"minecraft:custom":{"minecraft:time_since_rest":231807,"minecraft:open_chest":2,"minecraft:crouch_one_cm":3492,"minecraft:play_one_minute":231807,"minecraft:sprint_one_cm":71086,"minecraft:damage_taken":30,"minecraft:walk_one_cm":541634,"minecraft:sneak_time":3685,"minecraft:drop":2,"minecraft:jump":1302,"minecraft:inspect_hopper":26,"minecraft:leave_game":13,"minecraft:time_since_death":231807,"minecraft:climb_one_cm":16,"minecraft:fall_one_cm":819,"minecraft:fly_one_cm":1243262},"minecraft:used":{"minecraft:item_frame":2,"minecraft:sticky_piston":14,"minecraft:piston":4,"minecraft:lever":25,"minecraft:dirt":1,"minecraft:black_concrete":390,"minecraft:repeater":11,"minecraft:comparator":31,"minecraft:light_blue_concrete":73,"minecraft:command_block":50,"minecraft:hopper":4,"minecraft:light_gray_concrete":12,"minecraft:grass_block":22,"minecraft:oak_button":5,"minecraft:redstone":21,"minecraft:chain_command_block":2,"minecraft:stone_button":27,"minecraft:map":2,"minecraft:oak_sign":38,"minecraft:repeating_command_block":3,"minecraft:white_concrete":223,"minecraft:stone":1,"minecraft:redstone_block":15,"minecraft:obsidian":2}},"DataVersion":1968}