{"stats":{"minecraft:killed":{"minecraft:villager":3,"minecraft:shulker":4},"minecraft:dropped":{"minecraft:diamond_sword":1,"minecraft:repeating_command_block":1,"minecraft:ender_pearl":1,"minecraft:creeper_banner_pattern":2,"minecraft:magenta_wool":1,"minecraft:lime_banner":1,"minecraft:redstone":1},"minecraft:used":{"minecraft:water_bucket":160,"minecraft:ender_pearl":102,"minecraft:pink_concrete":12,"minecraft:diamond_sword":129,"minecraft:potion":2,"minecraft:bow":9,"minecraft:vine":42,"minecraft:painting":1,"minecraft:crossbow":104,"minecraft:air":4079,"minecraft:egg":1,"minecraft:lingering_potion":3,"minecraft:experience_bottle":230,"minecraft:dandelion":1,"minecraft:snowball":324,"minecraft:enchanted_golden_apple":8,"minecraft:splash_potion":34,"minecraft:milk_bucket":2},"minecraft:picked_up":{"minecraft:shulker_shell":2,"minecraft:music_disc_13":1,"minecraft:yellow_dye":2,"minecraft:dandelion":2,"minecraft:diamond_sword":1,"minecraft:redstone":1,"minecraft:music_disc_cat":1,"minecraft:lime_dye":1,"minecraft:lime_banner":16,"minecraft:repeating_command_block":7,"minecraft:magenta_wool":1,"minecraft:creeper_banner_pattern":2,"minecraft:diamond_chestplate":1,"minecraft:diamond_leggings":1,"minecraft:music_disc_ward":1,"minecraft:diamond_boots":1,"minecraft:enchanted_golden_apple":33,"minecraft:diamond_helmet":1,"minecraft:ender_pearl":6},"minecraft:broken":{"minecraft:diamond_boots":1,"minecraft:diamond_chestplate":1,"minecraft:turtle_helmet":1,"minecraft:diamond_leggings":1},"minecraft:custom":{"minecraft:time_since_rest":274784,"minecraft:sprint_one_cm":506292,"minecraft:damage_absorbed":863,"minecraft:damage_taken":15327,"minecraft:walk_one_cm":1291932,"minecraft:mob_kills":7,"minecraft:drop":8,"minecraft:damage_dealt":3942,"minecraft:play_record":3,"minecraft:interact_with_crafting_table":2,"minecraft:interact_with_cartography_table":1,"minecraft:fly_one_cm":1239607,"minecraft:crouch_one_cm":25004,"minecraft:play_one_minute":529159,"minecraft:sneak_time":8574,"minecraft:interact_with_loom":9,"minecraft:deaths":5,"minecraft:walk_under_water_one_cm":15063,"minecraft:jump":1894,"minecraft:leave_game":11,"minecraft:time_since_death":274731,"minecraft:walk_on_water_one_cm":7592,"minecraft:enchant_item":2,"minecraft:climb_one_cm":8014,"minecraft:damage_resisted":1027,"minecraft:fall_one_cm":15604},"minecraft:killed_by":{"minecraft:player":5},"minecraft:crafted":{"minecraft:yellow_dye":2}},"DataVersion":1968}